{"LAnkle":[3045.11,959.567,45.39976111078082],"LBigToe":[3121.69,1000.62,45.54227841512871],"LEar":[3118.75,1015.37,45.612758540174525],"LElbow":[3012.91,385.958,45.464632304786235],"LEye":[2951.0,82.9502,45.471523458434156],"LHeel":[2948.19,1024.26,45.61325390834994],"LHip":[3004.12,550.527,45.61399698078782],"LKnee":[3030.56,765.451,45.61201550808528],"LShoulder":[2995.13,244.586,45.32871412151333],"LSmallToe":[3021.77,980.093,45.61052951652839],"LWrist":[3045.21,512.323,45.39681681843975],"MidHip":[2953.93,553.591,45.544500772629924],"Neck":[2909.9,235.863,45.61399698078782],"Nose":[2939.31,103.56,45.54499465930718],"RAnkle":[2912.8,971.307,45.54079696394686],"RBigToe":[2918.74,1024.15,45.47029274207519],"REar":[2859.92,106.467,45.61275854017452],"RElbow":[2824.63,315.28,45.75980894190248],"REye":[2909.88,85.8285,45.68420251154342],"RHip":[2900.97,562.376,45.40000648571522],"RKnee":[2903.99,788.814,45.468323734464995],"RShoulder":[2833.43,227.127,45.468988255468595],"RSmallToe":[2909.89,983.033,45.46930821695356],"RWrist":[2862.91,180.011,45.757116865855394]}